Changes made at Sat Aug  9 05:58:18 UTC 2025
Changes made at Thu Nov 20 14:06:28 UTC 2025
Changes made at Thu Nov 20 14:16:43 UTC 2025
Changes made at Thu Nov 20 16:20:51 UTC 2025
Changes made at Fri Nov 21 08:22:58 UTC 2025
Changes made at Fri Nov 21 10:17:26 UTC 2025
Changes made at Fri Nov 21 14:15:56 UTC 2025
Changes made at Fri Nov 21 16:20:17 UTC 2025
Changes made at Sat Nov 22 08:19:38 UTC 2025
Changes made at Sat Nov 22 10:15:35 UTC 2025
Changes made at Sat Nov 22 14:13:12 UTC 2025
Changes made at Sat Nov 22 16:18:01 UTC 2025
Changes made at Sun Nov 23 08:19:51 UTC 2025
Changes made at Sun Nov 23 10:15:21 UTC 2025
Changes made at Sun Nov 23 14:13:30 UTC 2025
Changes made at Sun Nov 23 16:18:11 UTC 2025
Changes made at Mon Nov 24 08:23:55 UTC 2025
Changes made at Mon Nov 24 10:19:10 UTC 2025
Changes made at Mon Nov 24 14:16:54 UTC 2025
